Category,Keyword
General religious concepts,Religion
General religious concepts,Religious
General religious concepts,Spirit
General religious concepts,Spiritual
General religious concepts,Belief
General religious concepts,Faith
General religious concepts,Holy
General religious concepts,Sacred
General religious concepts,Divine
General religious concepts,God
General religious concepts,Values
General religious concepts,Soul
Christianity,Christian
Christianity,Christianity
Christianity,Catholic
Christianity,Protestant
Christianity,Mormon
Christianity,Orthodox
Christianity,Jesus
Christianity,Bible
Christianity,Christmas
Christianity,Reformation
Christianity,Crusades
Christianity,Monastery
Christianity,Monasteries
Islam,Muslim
Islam,Islamic
Islam,Islam
Islam,Ramadan
Islam,Sunni
Islam,Shia
Islam,Mecca
Islam,Muhammad
Islam,Quran
Islam,Mosque
Judaism,Jew
Judaism,Jewish
Judaism,Judaism
Judaism,Hanukkah
Judaism,Holocaust
Judaism,Antisemitism
Judaism,Israel
Judaism,Israelite
Judaism,Hebrew
Judaism,Tanakh
Judaism,Jerusalem
South & East Asian traditions,Hindu
South & East Asian traditions,Hinduism
South & East Asian traditions,Buddhism
South & East Asian traditions,Buddhist
South & East Asian traditions,Buddha
South & East Asian traditions,Sikh
South & East Asian traditions,Jain
South & East Asian traditions,Jainism
South & East Asian traditions,Caste
East Asian & other traditions,Confucian
East Asian & other traditions,Confucianism
East Asian & other traditions,Confucianist
East Asian & other traditions,Confucius
East Asian & other traditions,Tao
East Asian & other traditions,Taoism
East Asian & other traditions,Taoist
East Asian & other traditions,Dao
East Asian & other traditions,Daoism
East Asian & other traditions,Daoist
East Asian & other traditions,Lao Tzu
East Asian & other traditions,Shinto
East Asian & other traditions,Shintoism
East Asian & other traditions,Zoroastrian
East Asian & other traditions,Bahai
Religious places & structures,Mosque
Religious places & structures,Temple
Religious places & structures,Synagogue
Religious places & structures,Churches
Religious places & structures,Church
Religious places & structures,Monastery
Religious places & structures,Mecca
Religious places & structures,Jerusalem
Religious practices & roles,Pilgrim
Religious practices & roles,Pilgrimage
Religious practices & roles,Mission
Religious practices & roles,Missionary
Religious practices & roles,Missionaries
Religious practices & roles,Shaman
Religious practices & roles,Holiday
"Persecution, conflict & governance",Genocide
"Persecution, conflict & governance",Persecution
"Persecution, conflict & governance",Theocracy
"Persecution, conflict & governance",Holocaust
"Persecution, conflict & governance",Antisemitism
"Persecution, conflict & governance",Antisemititic
"Persecution, conflict & governance",Islamaphobia
"Persecution, conflict & governance",Crusades
"Persecution, conflict & governance",Reformation
