Category,Sub-Category,Keyword,Variant Of
General Religious Concepts,Belief & Practice,Afterlife,
General Religious Concepts,Belief & Practice,Agnostic,
General Religious Concepts,Belief & Practice,Atheism,
General Religious Concepts,Belief & Practice,Atheist,Atheism
General Religious Concepts,Belief & Practice,Belief,
General Religious Concepts,Belief & Practice,Beliefs,Belief
General Religious Concepts,Belief & Practice,Blasphemy,
General Religious Concepts,Belief & Practice,Caste,
General Religious Concepts,Belief & Practice,Clergy,
General Religious Concepts,Belief & Practice,Colonization,
General Religious Concepts,Belief & Practice,Communion,
General Religious Concepts,Belief & Practice,Confirmation,
General Religious Concepts,Belief & Practice,Congregation,
General Religious Concepts,Belief & Practice,Convert,
General Religious Concepts,Belief & Practice,Covenant,
General Religious Concepts,Belief & Practice,Cult,
General Religious Concepts,Belief & Practice,Denomination,
General Religious Concepts,Belief & Practice,Denominations,Denomination
General Religious Concepts,Belief & Practice,Dharma,
General Religious Concepts,Belief & Practice,Diaspora,
General Religious Concepts,Belief & Practice,Divine,
General Religious Concepts,Belief & Practice,Doctrine,
General Religious Concepts,Belief & Practice,Doctrines,Doctrine
General Religious Concepts,Belief & Practice,Edict,
General Religious Concepts,Belief & Practice,Enlightenment,
General Religious Concepts,Belief & Practice,Excommunication,
General Religious Concepts,Belief & Practice,Faith,
General Religious Concepts,Belief & Practice,Genocide,
General Religious Concepts,Belief & Practice,Ghetto,
General Religious Concepts,Belief & Practice,God,
General Religious Concepts,Belief & Practice,Heresy,
General Religious Concepts,Belief & Practice,Holiday,
General Religious Concepts,Belief & Practice,Holy,
General Religious Concepts,Belief & Practice,Ideology,
General Religious Concepts,Belief & Practice,Ideologies,Ideology
General Religious Concepts,Belief & Practice,Indulgence,
General Religious Concepts,Belief & Practice,Indulgences,Indulgence
General Religious Concepts,Belief & Practice,Inquisition,
General Religious Concepts,Belief & Practice,Karma,
General Religious Concepts,Belief & Practice,Martyrdom,
General Religious Concepts,Belief & Practice,Martyr,Martyrdom
General Religious Concepts,Belief & Practice,Meditation,
General Religious Concepts,Belief & Practice,Mission,
General Religious Concepts,Belief & Practice,Missionary,Mission
General Religious Concepts,Belief & Practice,Missionaries,Mission
General Religious Concepts,Belief & Practice,Monotheism,
General Religious Concepts,Belief & Practice,Monotheistic,Monotheism
General Religious Concepts,Belief & Practice,Moral,
General Religious Concepts,Belief & Practice,Morality,Moral
General Religious Concepts,Belief & Practice,Nirvana,
General Religious Concepts,Belief & Practice,Orthodox,
General Religious Concepts,Belief & Practice,Pagan,
General Religious Concepts,Belief & Practice,Pantheism,
General Religious Concepts,Belief & Practice,Pantheistic,Pantheism
General Religious Concepts,Belief & Practice,Persecution,
General Religious Concepts,Belief & Practice,Piety,
General Religious Concepts,Belief & Practice,Pilgrimage,
General Religious Concepts,Belief & Practice,Pilgrim,Pilgrimage
General Religious Concepts,Belief & Practice,Pilgrims,Pilgrimage
General Religious Concepts,Belief & Practice,Pogrom,
General Religious Concepts,Belief & Practice,Polytheism,
General Religious Concepts,Belief & Practice,Polytheistic,Polytheism
General Religious Concepts,Belief & Practice,Prayer,
General Religious Concepts,Belief & Practice,Prophecy,
General Religious Concepts,Belief & Practice,Reformation,
General Religious Concepts,Belief & Practice,Reformations,Reformation
General Religious Concepts,Belief & Practice,Religion,
General Religious Concepts,Belief & Practice,Religious,Religion
General Religious Concepts,Belief & Practice,Relic,
General Religious Concepts,Belief & Practice,Relics,Relic
General Religious Concepts,Belief & Practice,Revival,
General Religious Concepts,Belief & Practice,Ritual,
General Religious Concepts,Belief & Practice,Sabbath,
General Religious Concepts,Belief & Practice,Sacred,
General Religious Concepts,Belief & Practice,Schism,
General Religious Concepts,Belief & Practice,Scripture,
General Religious Concepts,Belief & Practice,Sect,
General Religious Concepts,Belief & Practice,Secular,
General Religious Concepts,Belief & Practice,Sermon,
General Religious Concepts,Belief & Practice,Soul,
General Religious Concepts,Belief & Practice,Spirit,
General Religious Concepts,Belief & Practice,Spiritual,Spirit
General Religious Concepts,Belief & Practice,Spirituality,Spirit
General Religious Concepts,Belief & Practice,Theocracy,
General Religious Concepts,Belief & Practice,Theological,Theology
General Religious Concepts,Belief & Practice,Theology,
General Religious Concepts,Belief & Practice,Totem,
General Religious Concepts,Belief & Practice,Values,
General Religious Concepts,Belief & Practice,Worship,
General Religious Concepts,Belief & Practice,Yoga,
General Religious Concepts,Belief & Practice,Yogic,Yoga
General Religious Concepts,People & Roles,Apostle,
General Religious Concepts,People & Roles,Archbishop,
General Religious Concepts,People & Roles,Bishop,
General Religious Concepts,People & Roles,Father,
General Religious Concepts,People & Roles,Guru,
General Religious Concepts,People & Roles,Imam,
General Religious Concepts,People & Roles,Lama,
General Religious Concepts,People & Roles,Monk,
General Religious Concepts,People & Roles,Monks,Monk
General Religious Concepts,People & Roles,Nun,
General Religious Concepts,People & Roles,Nuns,Nun
General Religious Concepts,People & Roles,Pope,
General Religious Concepts,People & Roles,Priest,
General Religious Concepts,People & Roles,Rabbi,
General Religious Concepts,People & Roles,Saint,
General Religious Concepts,People & Roles,Shaman,Shamanism
General Religious Concepts,People & Roles,Shamanism,
General Religious Concepts,Places of Worship,Altar,
General Religious Concepts,Places of Worship,Basilica,
General Religious Concepts,Places of Worship,Basilicas,Basilica
General Religious Concepts,Places of Worship,Cathedral,
General Religious Concepts,Places of Worship,Cathedrals,Cathedral
General Religious Concepts,Places of Worship,Church,
General Religious Concepts,Places of Worship,Churches,Church
General Religious Concepts,Places of Worship,Monastery,
General Religious Concepts,Places of Worship,Monasteries,Monastery
General Religious Concepts,Places of Worship,Mosque,
General Religious Concepts,Places of Worship,Shrine,
General Religious Concepts,Places of Worship,Stupa,
General Religious Concepts,Places of Worship,Synagogue,
General Religious Concepts,Places of Worship,Temple,
General Religious Concepts,Texts & Doctrines,Bible,
General Religious Concepts,Texts & Doctrines,Biblical,Bible
General Religious Concepts,Texts & Doctrines,Gospel,
General Religious Concepts,Texts & Doctrines,New Testament,
General Religious Concepts,Texts & Doctrines,Nicene Creed,
General Religious Concepts,Texts & Doctrines,Old Testament,
General Religious Concepts,Texts & Doctrines,Tanakh,
General Religious Concepts,Texts & Doctrines,Torah,
General Religious Concepts,Texts & Doctrines,Talmud,
General Religious Concepts,Texts & Doctrines,Vedas,
General Religious Concepts,Texts & Doctrines,Upanishads,
General Religious Concepts,Texts & Doctrines,Bhagavad Gita,
General Religious Concepts,Texts & Doctrines,Ramayana,
Christianity,General,Anglican,
Christianity,General,Baptist,
Christianity,General,Baptism,Baptist
Christianity,General,Calvinist,Calvinism
Christianity,General,Calvinism,
Christianity,General,Catholic,
Christianity,General,Catholics,Catholic
Christianity,General,Christ,
Christianity,General,Christian,Christ
Christianity,General,Christianity,Christ
Christianity,General,Christmas,
Christianity,General,Episcopal,
Christianity,General,Evangelical,
Christianity,General,Judeo-Christian,
Christianity,General,Lutheran,Martin Luther
Christianity,General,Methodist,
Christianity,General,Ordained,
Christianity,General,Pentecostal,
Christianity,General,Protestant,
Christianity,General,Protestants,Protestant
Christianity,General,Puritan,
Christianity,General,Puritans,Puritan
Christianity,General,Quaker,
Christianity,General,Quakers,Quaker
Christianity,General,Trinity,
Christianity,General,Anabaptist,
Christianity,Figures,Augustine,
Christianity,Figures,Constantine,
Christianity,Figures,Jesus,
Christianity,Figures,John Calvin,
Christianity,Figures,Joseph Smith,
Christianity,Figures,Martin Luther,
Christianity,Figures,Paul,
Christianity,Figures,Thomas Aquinas,
Christianity,Figures,Tyndale,
Christianity,Figures,Wycliffe,
Christianity,Figures,Wyclif,Wycliffe
Christianity,Historical Events,Council of Nicaea,
Christianity,Historical Events,Crusade,Crusades
Christianity,Historical Events,Crusades,
Christianity,Historical Events,Inquisition,
Christianity,Historical Events,Scopes,
Christianity,Latter-Day Saints,Latter Day Saints,
Christianity,Latter-Day Saints,Mormon,
Christianity,Latter-Day Saints,Mormons,Mormon
Christianity,Observations,Advent,
Christianity,Observations,Ash Wednesday,
Christianity,Observations,Easter,
Christianity,Observations,Good Friday,
Christianity,Observations,Lent,
Christianity,Observations,Palm Sunday,
Christianity,Institutions,Vatican,
Christianity,Institutions,Westphalia,
Islam,General,Caliphate,
Islam,General,Five Pillars,
Islam,General,Hajj,
Islam,General,Hadith,
Islam,General,Haddith,Hadith
Islam,General,Islam,
Islam,General,Islamic,Islam
Islam,General,Islamophobia,Islam
Islam,General,Jihad,
Islam,General,Mecca,
Islam,General,Medina,
Islam,General,Muslim,
Islam,General,Ramadan,
Islam,General,Sharia,
Islam,General,Shari'a,Sharia
Islam,General,Shariah,Sharia
Islam,General,Shia,
Islam,General,Sufi,Sufism
Islam,General,Sufism,
Islam,General,Sunni,
Islam,Figures,Ali ibn Abi Talib,
Islam,Figures,Mansa Musa,
Islam,Figures,Muhammad,
Islam,Figures,Mohammed,Muhammad
Islam,Figures,Mohammad,Muhammad
Islam,Figures,Saladin,
Islam,Holy Sites,Kaaba,
Islam,Holy Sites,Ka'bah,Kaaba
Islam,Holy Sites,Kabah,Kaaba
Islam,Texts,Quran,
Islam,Texts,Qur'an,Quran
Islam,Texts,Koran,Quran
Judaism,General,Hebrew,
Judaism,General,Holocaust,
Judaism,General,Israel,
Judaism,General,Israeli,Israel
Judaism,General,Israelite,Israel
Judaism,General,Jerusalem,
Judaism,General,Jew,
Judaism,General,Jewish,Jew
Judaism,General,Judaism,
Judaism,General,Passover,
Judaism,General,Shoah,Holocaust
Judaism,General,Yom Kippur,
Judaism,General,Antisemitism,
Judaism,General,Anti-Semitism,Antisemitism
Judaism,General,Antisemitic,Antisemitism
Judaism,General,Anti-Semitic,Antisemitism
Judaism,General,Zionism,
Judaism,General,Haredi,
Judaism,General,Hasidic,
Judaism,Figures,Abraham,
Judaism,Figures,Abrahamic,Abraham
Judaism,Figures,Aquinas,Thomas Aquinas
Judaism,Figures,David,
Judaism,Figures,King David,David
Judaism,Figures,King Saul,Saul
Judaism,Figures,King Solomon,Solomon
Judaism,Figures,Maimonides,
Judaism,Figures,Moses,
Judaism,Figures,Saul,
Judaism,Figures,Solomon,
Judaism,Observations,Chanukah,
Judaism,Observations,Hanukkah,Chanukah
Hinduism,General,Brahma,
Hinduism,General,Hindu,
Hinduism,General,Hinduism,Hindu
Hinduism,General,Shiva,
Hinduism,General,Vedic,Vedas
Hinduism,General,Vishnu,
Hinduism,Texts,Bhagavad Gita,
Hinduism,Texts,Ramayana,
Hinduism,Texts,Upanishads,
Hinduism,Texts,Vedas,
Buddhism,General,Buddha,
Buddhism,General,Buddhism,Buddha
Buddhism,General,Buddhist,Buddha
Buddhism,General,Dalai Lama,
Buddhism,General,Tibetan Buddhism,Buddhism
Buddhism,Figures,Siddhartha Gautama,
Buddhism,Figures,Siddharta Gautama,Siddhartha Gautama
Buddhism,Places,Stupa,
Sikhism,General,Dastar,
Sikhism,General,Guru Nanak,
Sikhism,General,Sikh,
Sikhism,General,Sikhi,Sikhism
Sikhism,General,Sikhism,Sikh
Taoism/Daoism,General,Dao,Tao
Taoism/Daoism,General,Daoism,Taoism
Taoism/Daoism,General,Daoist,Taoist
Taoism/Daoism,General,Lao Tzu,Laozi
Taoism/Daoism,General,Laozi,
Taoism/Daoism,General,Tao,
Taoism/Daoism,General,Taoism,
Taoism/Daoism,General,Taoist,Taoism
Confucianism,General,Confucian,Confucianism
Confucianism,General,Confucianism,
Confucianism,General,Confucianist,Confucianism
Confucianism,General,Confucius,
Confucianism,General,Kongzi,Confucius
Jainism,General,Jain,
Jainism,General,Jainism,Jain
Jainism,General,Mahavira,
Shinto,General,Shinto,
Shinto,General,Shintoism,Shinto
Zoroastrianism,General,Zarathustra,
Zoroastrianism,General,Zoroaster,
Zoroastrianism,General,Zoroastrian,Zoroaster
Baha'i,General,Bahai,
Baha'i,General,Baha'i,Bahai
Indigenous & Folk Religions,General,Animism,
Indigenous & Folk Religions,General,Indigenous Religion,
Indigenous & Folk Religions,General,Ifa,
Indigenous & Folk Religions,General,Santeria,
Indigenous & Folk Religions,General,Totem,
Indigenous & Folk Religions,General,Ubuntu,
Indigenous & Folk Religions,General,Ubantu,Ubuntu
Indigenous & Folk Religions,General,Vodou,
Indigenous & Folk Religions,General,Voodoo,Vodou
Historical Figures (Cross-Religion),,Augustine,
Historical Figures (Cross-Religion),,Constantine,
Historical Figures (Cross-Religion),,Mansa Musa,
Historical Figures (Cross-Religion),,Saladin,
